﻿Designator,Footprint,Quantity,Value,LCSC Part #
"BAT+1, BATGND1",1pin_Battery,2,MountingHole_Pad,
"D1, D10, D11, D12, D13, D14, D15, D16, D17, D18, D19, D2, D20, D21, D22, D3, D4, D5, D6, D7, D8, D9",SMD_Diode_Tiny,22,diode,
DISPLAY1,nice_view,1,nice!view,
RSW1,SW_RESET,1,SW_Push,
"SW1, SW10, SW11, SW12, SW13, SW14, SW15, SW16, SW17, SW18, SW19, SW2, SW20, SW21, SW22, SW3, SW4, SW5, SW6, SW7, SW8, SW9",SW_Hotswap_Kailh_Choc_V1_V2_Bubble,22,Kailh-Choc,
SW_POWER1,smt-slider-switch,1,SW_SPDT,
U1,nice_nano_taipo,1,nice_nano,
